country_code,country,crop_code,crop_name,Element,Unit,fao_cr_burnedDM
2,Afghanistan,56,Maize,Biomass burned (dry matter),tonnes,134225
2,Afghanistan,27,"Rice, paddy",Biomass burned (dry matter),tonnes,60198.6
2,Afghanistan,156,Sugar cane,Biomass burned (dry matter),tonnes,744.25
2,Afghanistan,15,Wheat,Biomass burned (dry matter),tonnes,841750.8
2,Afghanistan,1712,All Crops,Biomass burned (dry matter),tonnes,1036918.65
3,Albania,56,Maize,Biomass burned (dry matter),tonnes,58060
3,Albania,27,"Rice, paddy",Biomass burned (dry matter),tonnes,0
3,Albania,15,Wheat,Biomass burned (dry matter),tonnes,27238
3,Albania,1712,All Crops,Biomass burned (dry matter),tonnes,85298
4,Algeria,56,Maize,Biomass burned (dry matter),tonnes,658
4,Algeria,27,"Rice, paddy",Biomass burned (dry matter),tonnes,66.1629
4,Algeria,15,Wheat,Biomass burned (dry matter),tonnes,847355.916
4,Algeria,1712,All Crops,Biomass burned (dry matter),tonnes,848080.0789
5,American Samoa,156,Sugar cane,Biomass burned (dry matter),tonnes,21.3334
5,American Samoa,1712,All Crops,Biomass burned (dry matter),tonnes,21.3334
7,Angola,56,Maize,Biomass burned (dry matter),tonnes,2534859.5761
7,Angola,27,"Rice, paddy",Biomass burned (dry matter),tonnes,31437.8312
7,Angola,156,Sugar cane,Biomass burned (dry matter),tonnes,9405.6643
7,Angola,15,Wheat,Biomass burned (dry matter),tonnes,1783.9593
7,Angola,1712,All Crops,Biomass burned (dry matter),tonnes,2577487.0308
8,Antigua and Barbuda,56,Maize,Biomass burned (dry matter),tonnes,48.4984
8,Antigua and Barbuda,156,Sugar cane,Biomass burned (dry matter),tonnes,
8,Antigua and Barbuda,1712,All Crops,Biomass burned (dry matter),tonnes,48.4984
9,Argentina,56,Maize,Biomass burned (dry matter),tonnes,6530673
9,Argentina,27,"Rice, paddy",Biomass burned (dry matter),tonnes,112255
9,Argentina,156,Sugar cane,Biomass burned (dry matter),tonnes,246231.8735
9,Argentina,15,Wheat,Biomass burned (dry matter),tonnes,2226554
9,Argentina,1712,All Crops,Biomass burned (dry matter),tonnes,9115713.8735
1,Armenia,56,Maize,Biomass burned (dry matter),tonnes,2125
1,Armenia,15,Wheat,Biomass burned (dry matter),tonnes,32396.8
1,Armenia,1712,All Crops,Biomass burned (dry matter),tonnes,34521.8
10,Australia,56,Maize,Biomass burned (dry matter),tonnes,67770.64
10,Australia,27,"Rice, paddy",Biomass burned (dry matter),tonnes,45212.079
10,Australia,156,Sugar cane,Biomass burned (dry matter),tonnes,294755.786
10,Australia,15,Wheat,Biomass burned (dry matter),tonnes,4876461.036
10,Australia,1712,All Crops,Biomass burned (dry matter),tonnes,5284199.541
11,Austria,56,Maize,Biomass burned (dry matter),tonnes,209476
11,Austria,15,Wheat,Biomass burned (dry matter),tonnes,118011.6
11,Austria,1712,All Crops,Biomass burned (dry matter),tonnes,327487.6
52,Azerbaijan,56,Maize,Biomass burned (dry matter),tonnes,35666
52,Azerbaijan,27,"Rice, paddy",Biomass burned (dry matter),tonnes,2806.65
52,Azerbaijan,15,Wheat,Biomass burned (dry matter),tonnes,238430
52,Azerbaijan,1712,All Crops,Biomass burned (dry matter),tonnes,276902.65
12,Bahamas,56,Maize,Biomass burned (dry matter),tonnes,90.4645
12,Bahamas,156,Sugar cane,Biomass burned (dry matter),tonnes,1519.3219
12,Bahamas,1712,All Crops,Biomass burned (dry matter),tonnes,1609.7864
16,Bangladesh,56,Maize,Biomass burned (dry matter),tonnes,389878
16,Bangladesh,27,"Rice, paddy",Biomass burned (dry matter),tonnes,6199600
16,Bangladesh,156,Sugar cane,Biomass burned (dry matter),tonnes,59839
16,Bangladesh,15,Wheat,Biomass burned (dry matter),tonnes,166135.6
16,Bangladesh,1712,All Crops,Biomass burned (dry matter),tonnes,6815452.6
14,Barbados,56,Maize,Biomass burned (dry matter),tonnes,34.6733
14,Barbados,156,Sugar cane,Biomass burned (dry matter),tonnes,1429.7168
14,Barbados,1712,All Crops,Biomass burned (dry matter),tonnes,1464.3901
57,Belarus,56,Maize,Biomass burned (dry matter),tonnes,130387
57,Belarus,15,Wheat,Biomass burned (dry matter),tonnes,286832.4
57,Belarus,1712,All Crops,Biomass burned (dry matter),tonnes,417219.4
255,Belgium,56,Maize,Biomass burned (dry matter),tonnes,49005
255,Belgium,15,Wheat,Biomass burned (dry matter),tonnes,79036.84
255,Belgium,1712,All Crops,Biomass burned (dry matter),tonnes,128041.84
15,Belgium-Luxembourg,56,Maize,Biomass burned (dry matter),tonnes,
15,Belgium-Luxembourg,15,Wheat,Biomass burned (dry matter),tonnes,
15,Belgium-Luxembourg,1712,All Crops,Biomass burned (dry matter),tonnes,
23,Belize,56,Maize,Biomass burned (dry matter),tonnes,19641
23,Belize,27,"Rice, paddy",Biomass burned (dry matter),tonnes,2184.6
23,Belize,156,Sugar cane,Biomass burned (dry matter),tonnes,24210.55
23,Belize,1712,All Crops,Biomass burned (dry matter),tonnes,46036.15
53,Benin,56,Maize,Biomass burned (dry matter),tonnes,1050000
53,Benin,27,"Rice, paddy",Biomass burned (dry matter),tonnes,47092.6885
53,Benin,156,Sugar cane,Biomass burned (dry matter),tonnes,436.9412
53,Benin,1712,All Crops,Biomass burned (dry matter),tonnes,1097529.6297
18,Bhutan,56,Maize,Biomass burned (dry matter),tonnes,26737.65
18,Bhutan,27,"Rice, paddy",Biomass burned (dry matter),tonnes,11438.218
18,Bhutan,156,Sugar cane,Biomass burned (dry matter),tonnes,308.9732
18,Bhutan,15,Wheat,Biomass burned (dry matter),tonnes,851.6596
18,Bhutan,1712,All Crops,Biomass burned (dry matter),tonnes,39336.5008
19,Bolivia (Plurinational State of),56,Maize,Biomass burned (dry matter),tonnes,432453
19,Bolivia (Plurinational State of),27,"Rice, paddy",Biomass burned (dry matter),tonnes,95053.2
19,Bolivia (Plurinational State of),156,Sugar cane,Biomass burned (dry matter),tonnes,98792.85
19,Bolivia (Plurinational State of),15,Wheat,Biomass burned (dry matter),tonnes,69754.4
19,Bolivia (Plurinational State of),1712,All Crops,Biomass burned (dry matter),tonnes,696053.45
80,Bosnia and Herzegovina,56,Maize,Biomass burned (dry matter),tonnes,194265.5
80,Bosnia and Herzegovina,15,Wheat,Biomass burned (dry matter),tonnes,28018.256
80,Bosnia and Herzegovina,1712,All Crops,Biomass burned (dry matter),tonnes,222283.756
20,Botswana,56,Maize,Biomass burned (dry matter),tonnes,60251.738
20,Botswana,15,Wheat,Biomass burned (dry matter),tonnes,
20,Botswana,1712,All Crops,Biomass burned (dry matter),tonnes,60251.738
21,Brazil,56,Maize,Biomass burned (dry matter),tonnes,17393563
21,Brazil,27,"Rice, paddy",Biomass burned (dry matter),tonnes,1104464.35
21,Brazil,156,Sugar cane,Biomass burned (dry matter),tonnes,6619821
21,Brazil,15,Wheat,Biomass burned (dry matter),tonnes,758352.4
21,Brazil,1712,All Crops,Biomass burned (dry matter),tonnes,25876200.75
26,Brunei Darussalam,27,"Rice, paddy",Biomass burned (dry matter),tonnes,505.8075
26,Brunei Darussalam,1712,All Crops,Biomass burned (dry matter),tonnes,505.8075
27,Bulgaria,56,Maize,Biomass burned (dry matter),tonnes,398152
27,Bulgaria,27,"Rice, paddy",Biomass burned (dry matter),tonnes,5738.7
27,Bulgaria,15,Wheat,Biomass burned (dry matter),tonnes,457807.6
27,Bulgaria,1712,All Crops,Biomass burned (dry matter),tonnes,861698.3
233,Burkina Faso,56,Maize,Biomass burned (dry matter),tonnes,956386
233,Burkina Faso,27,"Rice, paddy",Biomass burned (dry matter),tonnes,90797.3
233,Burkina Faso,156,Sugar cane,Biomass burned (dry matter),tonnes,3152.5053
233,Burkina Faso,1712,All Crops,Biomass burned (dry matter),tonnes,1050335.8053
29,Burundi,56,Maize,Biomass burned (dry matter),tonnes,180000
29,Burundi,27,"Rice, paddy",Biomass burned (dry matter),tonnes,24411.6229
29,Burundi,156,Sugar cane,Biomass burned (dry matter),tonnes,1909.4944
29,Burundi,15,Wheat,Biomass burned (dry matter),tonnes,4084.156
29,Burundi,1712,All Crops,Biomass burned (dry matter),tonnes,210405.2732
35,Cabo Verde,56,Maize,Biomass burned (dry matter),tonnes,31699
35,Cabo Verde,156,Sugar cane,Biomass burned (dry matter),tonnes,832.0185
35,Cabo Verde,1712,All Crops,Biomass burned (dry matter),tonnes,32531.0185
115,Cambodia,56,Maize,Biomass burned (dry matter),tonnes,159437.1532
115,Cambodia,27,"Rice, paddy",Biomass burned (dry matter),tonnes,1622968.6461
115,Cambodia,156,Sugar cane,Biomass burned (dry matter),tonnes,19904.101
115,Cambodia,1712,All Crops,Biomass burned (dry matter),tonnes,1802309.9003
32,Cameroon,56,Maize,Biomass burned (dry matter),tonnes,1243372.9369
32,Cameroon,27,"Rice, paddy",Biomass burned (dry matter),tonnes,148500
32,Cameroon,156,Sugar cane,Biomass burned (dry matter),tonnes,88587.9177
32,Cameroon,15,Wheat,Biomass burned (dry matter),tonnes,272.164
32,Cameroon,1712,All Crops,Biomass burned (dry matter),tonnes,1480733.0186
33,Canada,56,Maize,Biomass burned (dry matter),tonnes,1339321.3421
33,Canada,15,Wheat,Biomass burned (dry matter),tonnes,3614397.354
33,Canada,1712,All Crops,Biomass burned (dry matter),tonnes,4953718.6961
37,Central African Republic,56,Maize,Biomass burned (dry matter),tonnes,104981.5865
37,Central African Republic,27,"Rice, paddy",Biomass burned (dry matter),tonnes,4181.9698
37,Central African Republic,156,Sugar cane,Biomass burned (dry matter),tonnes,14258.5977
37,Central African Republic,1712,All Crops,Biomass burned (dry matter),tonnes,123422.154
39,Chad,56,Maize,Biomass burned (dry matter),tonnes,335637
39,Chad,27,"Rice, paddy",Biomass burned (dry matter),tonnes,105065.95
39,Chad,156,Sugar cane,Biomass burned (dry matter),tonnes,2907.7842
39,Chad,15,Wheat,Biomass burned (dry matter),tonnes,380
39,Chad,1712,All Crops,Biomass burned (dry matter),tonnes,443990.7342
40,Chile,56,Maize,Biomass burned (dry matter),tonnes,94668
40,Chile,27,"Rice, paddy",Biomass burned (dry matter),tonnes,11515.35
40,Chile,15,Wheat,Biomass burned (dry matter),tonnes,90016.8
40,Chile,1712,All Crops,Biomass burned (dry matter),tonnes,196200.15
351,China,56,Maize,Biomass burned (dry matter),tonnes,42428646.8741
351,China,27,"Rice, paddy",Biomass burned (dry matter),tonnes,17069294.854
351,China,156,Sugar cane,Biomass burned (dry matter),tonnes,895118.4769
351,China,15,Wheat,Biomass burned (dry matter),tonnes,9804157.3688
351,China,1712,All Crops,Biomass burned (dry matter),tonnes,70197217.5739
96,"China, Hong Kong SAR",27,"Rice, paddy",Biomass burned (dry matter),tonnes,0.0142
96,"China, Hong Kong SAR",1712,All Crops,Biomass burned (dry matter),tonnes,0.0142
41,"China, mainland",56,Maize,Biomass burned (dry matter),tonnes,42399000
41,"China, mainland",27,"Rice, paddy",Biomass burned (dry matter),tonnes,16910850
41,"China, mainland",156,Sugar cane,Biomass burned (dry matter),tonnes,891150
41,"China, mainland",15,Wheat,Biomass burned (dry matter),tonnes,9803200
41,"China, mainland",1712,All Crops,Biomass burned (dry matter),tonnes,70004200
214,"China, Taiwan Province of",56,Maize,Biomass burned (dry matter),tonnes,29646.8741
214,"China, Taiwan Province of",27,"Rice, paddy",Biomass burned (dry matter),tonnes,158444.8398
214,"China, Taiwan Province of",156,Sugar cane,Biomass burned (dry matter),tonnes,3968.4769
214,"China, Taiwan Province of",15,Wheat,Biomass burned (dry matter),tonnes,957.3688
214,"China, Taiwan Province of",1712,All Crops,Biomass burned (dry matter),tonnes,193017.5597
44,Colombia,56,Maize,Biomass burned (dry matter),tonnes,382890.064
44,Colombia,27,"Rice, paddy",Biomass burned (dry matter),tonnes,328490.1401
44,Colombia,156,Sugar cane,Biomass burned (dry matter),tonnes,258301.5269
44,Colombia,15,Wheat,Biomass burned (dry matter),tonnes,3320.9316
44,Colombia,1712,All Crops,Biomass burned (dry matter),tonnes,973002.6626
45,Comoros,56,Maize,Biomass burned (dry matter),tonnes,3106.2907
45,Comoros,27,"Rice, paddy",Biomass burned (dry matter),tonnes,14649.9172
45,Comoros,1712,All Crops,Biomass burned (dry matter),tonnes,17756.2079
46,Congo,56,Maize,Biomass burned (dry matter),tonnes,14100.7659
46,Congo,27,"Rice, paddy",Biomass burned (dry matter),tonnes,1107.8272
46,Congo,156,Sugar cane,Biomass burned (dry matter),tonnes,13354.4312
46,Congo,1712,All Crops,Biomass burned (dry matter),tonnes,28563.0243
48,Costa Rica,56,Maize,Biomass burned (dry matter),tonnes,4439
48,Costa Rica,27,"Rice, paddy",Biomass burned (dry matter),tonnes,18450.3
48,Costa Rica,156,Sugar cane,Biomass burned (dry matter),tonnes,41762.5
48,Costa Rica,1712,All Crops,Biomass burned (dry matter),tonnes,64651.8
107,Côte d'Ivoire,56,Maize,Biomass burned (dry matter),tonnes,523537.6012
107,Côte d'Ivoire,27,"Rice, paddy",Biomass burned (dry matter),tonnes,456028.3429
107,Côte d'Ivoire,156,Sugar cane,Biomass burned (dry matter),tonnes,14692.9567
107,Côte d'Ivoire,1712,All Crops,Biomass burned (dry matter),tonnes,994258.9008
98,Croatia,56,Maize,Biomass burned (dry matter),tonnes,247119
98,Croatia,15,Wheat,Biomass burned (dry matter),tonnes,46460
98,Croatia,1712,All Crops,Biomass burned (dry matter),tonnes,293579
49,Cuba,56,Maize,Biomass burned (dry matter),tonnes,157813
49,Cuba,27,"Rice, paddy",Biomass burned (dry matter),tonnes,61795.8
49,Cuba,156,Sugar cane,Biomass burned (dry matter),tonnes,252007.3422
49,Cuba,1712,All Crops,Biomass burned (dry matter),tonnes,471616.1422
50,Cyprus,15,Wheat,Biomass burned (dry matter),tonnes,3895.2
50,Cyprus,1712,All Crops,Biomass burned (dry matter),tonnes,3895.2
167,Czechia,56,Maize,Biomass burned (dry matter),tonnes,85994.57
167,Czechia,15,Wheat,Biomass burned (dry matter),tonnes,332824.756
167,Czechia,1712,All Crops,Biomass burned (dry matter),tonnes,418819.326
51,Czechoslovakia,56,Maize,Biomass burned (dry matter),tonnes,
51,Czechoslovakia,15,Wheat,Biomass burned (dry matter),tonnes,
51,Czechoslovakia,1712,All Crops,Biomass burned (dry matter),tonnes,
116,Democratic People's Republic of Korea,56,Maize,Biomass burned (dry matter),tonnes,510222.6
116,Democratic People's Republic of Korea,27,"Rice, paddy",Biomass burned (dry matter),tonnes,261336.79
116,Democratic People's Republic of Korea,15,Wheat,Biomass burned (dry matter),tonnes,14000
116,Democratic People's Republic of Korea,1712,All Crops,Biomass burned (dry matter),tonnes,785559.39
250,Democratic Republic of the Congo,56,Maize,Biomass burned (dry matter),tonnes,2599641.3836
250,Democratic Republic of the Congo,27,"Rice, paddy",Biomass burned (dry matter),tonnes,662832.0821
250,Democratic Republic of the Congo,156,Sugar cane,Biomass burned (dry matter),tonnes,32191.7201
250,Democratic Republic of the Congo,15,Wheat,Biomass burned (dry matter),tonnes,2216.4877
250,Democratic Republic of the Congo,1712,All Crops,Biomass burned (dry matter),tonnes,3296881.6736
54,Denmark,56,Maize,Biomass burned (dry matter),tonnes,5100
54,Denmark,15,Wheat,Biomass burned (dry matter),tonnes,234640
54,Denmark,1712,All Crops,Biomass burned (dry matter),tonnes,239740
72,Djibouti,56,Maize,Biomass burned (dry matter),tonnes,6.8057
72,Djibouti,1712,All Crops,Biomass burned (dry matter),tonnes,6.8057
55,Dominica,56,Maize,Biomass burned (dry matter),tonnes,109.4262
55,Dominica,156,Sugar cane,Biomass burned (dry matter),tonnes,159.3175
55,Dominica,1712,All Crops,Biomass burned (dry matter),tonnes,268.7437
56,Dominican Republic,56,Maize,Biomass burned (dry matter),tonnes,25712
56,Dominican Republic,27,"Rice, paddy",Biomass burned (dry matter),tonnes,95913.95
56,Dominican Republic,156,Sugar cane,Biomass burned (dry matter),tonnes,74582.3
56,Dominican Republic,1712,All Crops,Biomass burned (dry matter),tonnes,196208.25
58,Ecuador,56,Maize,Biomass burned (dry matter),tonnes,358822.1248
58,Ecuador,27,"Rice, paddy",Biomass burned (dry matter),tonnes,196955
58,Ecuador,156,Sugar cane,Biomass burned (dry matter),tonnes,71891.95
58,Ecuador,15,Wheat,Biomass burned (dry matter),tonnes,1796
58,Ecuador,1712,All Crops,Biomass burned (dry matter),tonnes,629465.0748
59,Egypt,56,Maize,Biomass burned (dry matter),tonnes,920601.3017
59,Egypt,27,"Rice, paddy",Biomass burned (dry matter),tonnes,377249.2907
59,Egypt,156,Sugar cane,Biomass burned (dry matter),tonnes,88012.7379
59,Egypt,15,Wheat,Biomass burned (dry matter),tonnes,537122.1435
59,Egypt,1712,All Crops,Biomass burned (dry matter),tonnes,1922985.4739
60,El Salvador,56,Maize,Biomass burned (dry matter),tonnes,299631.9653
60,El Salvador,27,"Rice, paddy",Biomass burned (dry matter),tonnes,2081.6242
60,El Salvador,156,Sugar cane,Biomass burned (dry matter),tonnes,52810.6648
60,El Salvador,1712,All Crops,Biomass burned (dry matter),tonnes,354524.2543
178,Eritrea,56,Maize,Biomass burned (dry matter),tonnes,20000
178,Eritrea,15,Wheat,Biomass burned (dry matter),tonnes,10000
178,Eritrea,1712,All Crops,Biomass burned (dry matter),tonnes,30000
63,Estonia,15,Wheat,Biomass burned (dry matter),tonnes,67901.2
63,Estonia,1712,All Crops,Biomass burned (dry matter),tonnes,67901.2
209,Eswatini,56,Maize,Biomass burned (dry matter),tonnes,79800.5165
209,Eswatini,27,"Rice, paddy",Biomass burned (dry matter),tonnes,19.1897
209,Eswatini,156,Sugar cane,Biomass burned (dry matter),tonnes,38791.2057
209,Eswatini,15,Wheat,Biomass burned (dry matter),tonnes,131.859
209,Eswatini,1712,All Crops,Biomass burned (dry matter),tonnes,118742.771
238,Ethiopia,56,Maize,Biomass burned (dry matter),tonnes,2173543.1012
238,Ethiopia,27,"Rice, paddy",Biomass burned (dry matter),tonnes,26666.427
238,Ethiopia,156,Sugar cane,Biomass burned (dry matter),tonnes,21679.8683
238,Ethiopia,15,Wheat,Biomass burned (dry matter),tonnes,686980.5101
238,Ethiopia,1712,All Crops,Biomass burned (dry matter),tonnes,2908869.9066
62,Ethiopia PDR,56,Maize,Biomass burned (dry matter),tonnes,
62,Ethiopia PDR,156,Sugar cane,Biomass burned (dry matter),tonnes,
62,Ethiopia PDR,15,Wheat,Biomass burned (dry matter),tonnes,
62,Ethiopia PDR,1712,All Crops,Biomass burned (dry matter),tonnes,
66,Fiji,56,Maize,Biomass burned (dry matter),tonnes,320
66,Fiji,27,"Rice, paddy",Biomass burned (dry matter),tonnes,1664.85
66,Fiji,156,Sugar cane,Biomass burned (dry matter),tonnes,22930.9186
66,Fiji,1712,All Crops,Biomass burned (dry matter),tonnes,24915.7686
67,Finland,15,Wheat,Biomass burned (dry matter),tonnes,77720
67,Finland,1712,All Crops,Biomass burned (dry matter),tonnes,77720
68,France,56,Maize,Biomass burned (dry matter),tonnes,1614117.9408
68,France,27,"Rice, paddy",Biomass burned (dry matter),tonnes,9598.7291
68,France,15,Wheat,Biomass burned (dry matter),tonnes,2185875.6997
68,France,1712,All Crops,Biomass burned (dry matter),tonnes,3809592.3696
69,French Guiana,56,Maize,Biomass burned (dry matter),tonnes,130.6017
69,French Guiana,27,"Rice, paddy",Biomass burned (dry matter),tonnes,1044.2287
69,French Guiana,156,Sugar cane,Biomass burned (dry matter),tonnes,117.9382
69,French Guiana,1712,All Crops,Biomass burned (dry matter),tonnes,1292.7686
70,French Polynesia,156,Sugar cane,Biomass burned (dry matter),tonnes,26.2469
70,French Polynesia,1712,All Crops,Biomass burned (dry matter),tonnes,26.2469
74,Gabon,56,Maize,Biomass burned (dry matter),tonnes,28707.008
74,Gabon,27,"Rice, paddy",Biomass burned (dry matter),tonnes,321.7628
74,Gabon,156,Sugar cane,Biomass burned (dry matter),tonnes,3096.8725
74,Gabon,1712,All Crops,Biomass burned (dry matter),tonnes,32125.6433
75,Gambia,56,Maize,Biomass burned (dry matter),tonnes,43221.0888
75,Gambia,27,"Rice, paddy",Biomass burned (dry matter),tonnes,36219.7
75,Gambia,1712,All Crops,Biomass burned (dry matter),tonnes,79440.7888
73,Georgia,56,Maize,Biomass burned (dry matter),tonnes,78600
73,Georgia,15,Wheat,Biomass burned (dry matter),tonnes,17680
73,Georgia,1712,All Crops,Biomass burned (dry matter),tonnes,96280
79,Germany,56,Maize,Biomass burned (dry matter),tonnes,432000
79,Germany,15,Wheat,Biomass burned (dry matter),tonnes,1281040
79,Germany,1712,All Crops,Biomass burned (dry matter),tonnes,1713040
81,Ghana,56,Maize,Biomass burned (dry matter),tonnes,1e+06
81,Ghana,27,"Rice, paddy",Biomass burned (dry matter),tonnes,142222.7618
81,Ghana,156,Sugar cane,Biomass burned (dry matter),tonnes,3970.3985
81,Ghana,1712,All Crops,Biomass burned (dry matter),tonnes,1146193.1603
84,Greece,56,Maize,Biomass burned (dry matter),tonnes,132500
84,Greece,27,"Rice, paddy",Biomass burned (dry matter),tonnes,16995
84,Greece,15,Wheat,Biomass burned (dry matter),tonnes,165920
84,Greece,1712,All Crops,Biomass burned (dry matter),tonnes,315415
86,Grenada,56,Maize,Biomass burned (dry matter),tonnes,346.7093
86,Grenada,156,Sugar cane,Biomass burned (dry matter),tonnes,105.6162
86,Grenada,1712,All Crops,Biomass burned (dry matter),tonnes,452.3256
87,Guadeloupe,56,Maize,Biomass burned (dry matter),tonnes,
87,Guadeloupe,156,Sugar cane,Biomass burned (dry matter),tonnes,6817.0649
87,Guadeloupe,1712,All Crops,Biomass burned (dry matter),tonnes,6817.0649
88,Guam,56,Maize,Biomass burned (dry matter),tonnes,19.1265
88,Guam,1712,All Crops,Biomass burned (dry matter),tonnes,19.1265
89,Guatemala,56,Maize,Biomass burned (dry matter),tonnes,882876.3493
89,Guatemala,27,"Rice, paddy",Biomass burned (dry matter),tonnes,5959.4222
89,Guatemala,156,Sugar cane,Biomass burned (dry matter),tonnes,181328.8644
89,Guatemala,15,Wheat,Biomass burned (dry matter),tonnes,164.8536
89,Guatemala,1712,All Crops,Biomass burned (dry matter),tonnes,1070329.4896
90,Guinea,56,Maize,Biomass burned (dry matter),tonnes,608919.3686
90,Guinea,27,"Rice, paddy",Biomass burned (dry matter),tonnes,939191.9728
90,Guinea,156,Sugar cane,Biomass burned (dry matter),tonnes,3703.9766
90,Guinea,1712,All Crops,Biomass burned (dry matter),tonnes,1551815.318
175,Guinea-Bissau,56,Maize,Biomass burned (dry matter),tonnes,6948.5515
175,Guinea-Bissau,27,"Rice, paddy",Biomass burned (dry matter),tonnes,57577.4267
175,Guinea-Bissau,156,Sugar cane,Biomass burned (dry matter),tonnes,165.1286
175,Guinea-Bissau,1712,All Crops,Biomass burned (dry matter),tonnes,64691.1068
91,Guyana,56,Maize,Biomass burned (dry matter),tonnes,2921.7392
91,Guyana,27,"Rice, paddy",Biomass burned (dry matter),tonnes,94740.47
91,Guyana,156,Sugar cane,Biomass burned (dry matter),tonnes,24660.285
91,Guyana,1712,All Crops,Biomass burned (dry matter),tonnes,122322.4942
93,Haiti,56,Maize,Biomass burned (dry matter),tonnes,270826.6705
93,Haiti,27,"Rice, paddy",Biomass burned (dry matter),tonnes,38870.1386
93,Haiti,156,Sugar cane,Biomass burned (dry matter),tonnes,15457.5945
93,Haiti,1712,All Crops,Biomass burned (dry matter),tonnes,325154.4036
95,Honduras,56,Maize,Biomass burned (dry matter),tonnes,393962.8805
95,Honduras,27,"Rice, paddy",Biomass burned (dry matter),tonnes,4421.4748
95,Honduras,156,Sugar cane,Biomass burned (dry matter),tonnes,41975.0754
95,Honduras,15,Wheat,Biomass burned (dry matter),tonnes,891.1295
95,Honduras,1712,All Crops,Biomass burned (dry matter),tonnes,441250.5601
97,Hungary,56,Maize,Biomass burned (dry matter),tonnes,988060
97,Hungary,27,"Rice, paddy",Biomass burned (dry matter),tonnes,1519.1
97,Hungary,15,Wheat,Biomass burned (dry matter),tonnes,399047.2
97,Hungary,1712,All Crops,Biomass burned (dry matter),tonnes,1388626.3
100,India,56,Maize,Biomass burned (dry matter),tonnes,9219000
100,India,27,"Rice, paddy",Biomass burned (dry matter),tonnes,24083950
100,India,156,Sugar cane,Biomass burned (dry matter),tonnes,2852850
100,India,15,Wheat,Biomass burned (dry matter),tonnes,12240000
100,India,1712,All Crops,Biomass burned (dry matter),tonnes,48395800
101,Indonesia,56,Maize,Biomass burned (dry matter),tonnes,5375000
101,Indonesia,27,"Rice, paddy",Biomass burned (dry matter),tonnes,8683400
101,Indonesia,156,Sugar cane,Biomass burned (dry matter),tonnes,279572.8
101,Indonesia,1712,All Crops,Biomass burned (dry matter),tonnes,14337972.8
102,Iran (Islamic Republic of),56,Maize,Biomass burned (dry matter),tonnes,174033.2225
102,Iran (Islamic Republic of),27,"Rice, paddy",Biomass burned (dry matter),tonnes,314360.4829
102,Iran (Islamic Republic of),156,Sugar cane,Biomass burned (dry matter),tonnes,60875.0607
102,Iran (Islamic Republic of),15,Wheat,Biomass burned (dry matter),tonnes,2680000
102,Iran (Islamic Republic of),1712,All Crops,Biomass burned (dry matter),tonnes,3229268.7661
103,Iraq,56,Maize,Biomass burned (dry matter),tonnes,52012
103,Iraq,27,"Rice, paddy",Biomass burned (dry matter),tonnes,29855.65
103,Iraq,156,Sugar cane,Biomass burned (dry matter),tonnes,227.5
103,Iraq,15,Wheat,Biomass burned (dry matter),tonnes,419012.4
103,Iraq,1712,All Crops,Biomass burned (dry matter),tonnes,501107.55
104,Ireland,15,Wheat,Biomass burned (dry matter),tonnes,26800
104,Ireland,1712,All Crops,Biomass burned (dry matter),tonnes,26800
105,Israel,56,Maize,Biomass burned (dry matter),tonnes,3400
105,Israel,15,Wheat,Biomass burned (dry matter),tonnes,17920
105,Israel,1712,All Crops,Biomass burned (dry matter),tonnes,21320
106,Italy,56,Maize,Biomass burned (dry matter),tonnes,645742
106,Italy,27,"Rice, paddy",Biomass burned (dry matter),tonnes,128773.15
106,Italy,15,Wheat,Biomass burned (dry matter),tonnes,722628.8
106,Italy,1712,All Crops,Biomass burned (dry matter),tonnes,1497143.95
109,Jamaica,56,Maize,Biomass burned (dry matter),tonnes,2184
109,Jamaica,27,"Rice, paddy",Biomass burned (dry matter),tonnes,0.55
109,Jamaica,156,Sugar cane,Biomass burned (dry matter),tonnes,12675
109,Jamaica,1712,All Crops,Biomass burned (dry matter),tonnes,14859.55
110,Japan,56,Maize,Biomass burned (dry matter),tonnes,62.9178
110,Japan,27,"Rice, paddy",Biomass burned (dry matter),tonnes,806300
110,Japan,156,Sugar cane,Biomass burned (dry matter),tonnes,14577.5768
110,Japan,15,Wheat,Biomass burned (dry matter),tonnes,84920
110,Japan,1712,All Crops,Biomass burned (dry matter),tonnes,905860.4946
112,Jordan,56,Maize,Biomass burned (dry matter),tonnes,1262
112,Jordan,15,Wheat,Biomass burned (dry matter),tonnes,4388.8
112,Jordan,1712,All Crops,Biomass burned (dry matter),tonnes,5650.8
108,Kazakhstan,56,Maize,Biomass burned (dry matter),tonnes,136677
108,Kazakhstan,27,"Rice, paddy",Biomass burned (dry matter),tonnes,57474.78
108,Kazakhstan,15,Wheat,Biomass burned (dry matter),tonnes,4764795.6
108,Kazakhstan,1712,All Crops,Biomass burned (dry matter),tonnes,4958947.38
114,Kenya,56,Maize,Biomass burned (dry matter),tonnes,2092459
114,Kenya,27,"Rice, paddy",Biomass burned (dry matter),tonnes,16434
114,Kenya,156,Sugar cane,Biomass burned (dry matter),tonnes,44010.2
114,Kenya,15,Wheat,Biomass burned (dry matter),tonnes,34292.697
114,Kenya,1712,All Crops,Biomass burned (dry matter),tonnes,2187195.897
118,Kuwait,56,Maize,Biomass burned (dry matter),tonnes,532
118,Kuwait,15,Wheat,Biomass burned (dry matter),tonnes,2.8
118,Kuwait,1712,All Crops,Biomass burned (dry matter),tonnes,534.8
113,Kyrgyzstan,56,Maize,Biomass burned (dry matter),tonnes,101370.1
113,Kyrgyzstan,27,"Rice, paddy",Biomass burned (dry matter),tonnes,5887.2
113,Kyrgyzstan,15,Wheat,Biomass burned (dry matter),tonnes,99944
113,Kyrgyzstan,1712,All Crops,Biomass burned (dry matter),tonnes,207201.3
120,Lao People's Democratic Republic,56,Maize,Biomass burned (dry matter),tonnes,207190
120,Lao People's Democratic Republic,27,"Rice, paddy",Biomass burned (dry matter),tonnes,525873.7
120,Lao People's Democratic Republic,156,Sugar cane,Biomass burned (dry matter),tonnes,18908.5
120,Lao People's Democratic Republic,1712,All Crops,Biomass burned (dry matter),tonnes,751972.2
119,Latvia,15,Wheat,Biomass burned (dry matter),tonnes,178720
119,Latvia,1712,All Crops,Biomass burned (dry matter),tonnes,178720
121,Lebanon,56,Maize,Biomass burned (dry matter),tonnes,865.1017
121,Lebanon,156,Sugar cane,Biomass burned (dry matter),tonnes,1.9389
121,Lebanon,15,Wheat,Biomass burned (dry matter),tonnes,15430.3924
121,Lebanon,1712,All Crops,Biomass burned (dry matter),tonnes,16297.433
122,Lesotho,56,Maize,Biomass burned (dry matter),tonnes,165882
122,Lesotho,15,Wheat,Biomass burned (dry matter),tonnes,2737.2
122,Lesotho,1712,All Crops,Biomass burned (dry matter),tonnes,168619.2
123,Liberia,27,"Rice, paddy",Biomass burned (dry matter),tonnes,129703.1683
123,Liberia,156,Sugar cane,Biomass burned (dry matter),tonnes,17493.3081
123,Liberia,1712,All Crops,Biomass burned (dry matter),tonnes,147196.4764
124,Libya,56,Maize,Biomass burned (dry matter),tonnes,1500.0909
124,Libya,15,Wheat,Biomass burned (dry matter),tonnes,77745.4773
124,Libya,1712,All Crops,Biomass burned (dry matter),tonnes,79245.5682
126,Lithuania,56,Maize,Biomass burned (dry matter),tonnes,9929
126,Lithuania,15,Wheat,Biomass burned (dry matter),tonnes,324778.8
126,Lithuania,1712,All Crops,Biomass burned (dry matter),tonnes,334707.8
256,Luxembourg,56,Maize,Biomass burned (dry matter),tonnes,80.84
256,Luxembourg,15,Wheat,Biomass burned (dry matter),tonnes,5673.912
256,Luxembourg,1712,All Crops,Biomass burned (dry matter),tonnes,5754.752
129,Madagascar,56,Maize,Biomass burned (dry matter),tonnes,162175.684
129,Madagascar,27,"Rice, paddy",Biomass burned (dry matter),tonnes,401500
129,Madagascar,156,Sugar cane,Biomass burned (dry matter),tonnes,62097.3895
129,Madagascar,15,Wheat,Biomass burned (dry matter),tonnes,823.5022
129,Madagascar,1712,All Crops,Biomass burned (dry matter),tonnes,626596.5757
130,Malawi,56,Maize,Biomass burned (dry matter),tonnes,1725367
130,Malawi,27,"Rice, paddy",Biomass burned (dry matter),tonnes,35684.55
130,Malawi,156,Sugar cane,Biomass burned (dry matter),tonnes,17895.3928
130,Malawi,15,Wheat,Biomass burned (dry matter),tonnes,242.8
130,Malawi,1712,All Crops,Biomass burned (dry matter),tonnes,1779189.7428
131,Malaysia,56,Maize,Biomass burned (dry matter),tonnes,10477.3
131,Malaysia,27,"Rice, paddy",Biomass burned (dry matter),tonnes,379097.4
131,Malaysia,156,Sugar cane,Biomass burned (dry matter),tonnes,1084.356
131,Malaysia,1712,All Crops,Biomass burned (dry matter),tonnes,390659.056
132,Maldives,56,Maize,Biomass burned (dry matter),tonnes,33.4038
132,Maldives,1712,All Crops,Biomass burned (dry matter),tonnes,33.4038
133,Mali,56,Maize,Biomass burned (dry matter),tonnes,1233008
133,Mali,27,"Rice, paddy",Biomass burned (dry matter),tonnes,422330.7
133,Mali,156,Sugar cane,Biomass burned (dry matter),tonnes,3306.6177
133,Mali,15,Wheat,Biomass burned (dry matter),tonnes,4000
133,Mali,1712,All Crops,Biomass burned (dry matter),tonnes,1662645.3177
134,Malta,15,Wheat,Biomass burned (dry matter),tonnes,1010.5859
134,Malta,1712,All Crops,Biomass burned (dry matter),tonnes,1010.5859
135,Martinique,156,Sugar cane,Biomass burned (dry matter),tonnes,2811.7434
135,Martinique,1712,All Crops,Biomass burned (dry matter),tonnes,2811.7434
136,Mauritania,56,Maize,Biomass burned (dry matter),tonnes,21000
136,Mauritania,27,"Rice, paddy",Biomass burned (dry matter),tonnes,26115.2683
136,Mauritania,15,Wheat,Biomass burned (dry matter),tonnes,1557.5515
136,Mauritania,1712,All Crops,Biomass burned (dry matter),tonnes,48672.8198
137,Mauritius,56,Maize,Biomass burned (dry matter),tonnes,59
137,Mauritius,27,"Rice, paddy",Biomass burned (dry matter),tonnes,30.8
137,Mauritius,156,Sugar cane,Biomass burned (dry matter),tonnes,32482.45
137,Mauritius,1712,All Crops,Biomass burned (dry matter),tonnes,32572.25
138,Mexico,56,Maize,Biomass burned (dry matter),tonnes,7327501.43
138,Mexico,27,"Rice, paddy",Biomass burned (dry matter),tonnes,22857.945
138,Mexico,156,Sugar cane,Biomass burned (dry matter),tonnes,501802.1515
138,Mexico,15,Wheat,Biomass burned (dry matter),tonnes,264579.88
138,Mexico,1712,All Crops,Biomass burned (dry matter),tonnes,8116741.4065
145,Micronesia (Federated States of),56,Maize,Biomass burned (dry matter),tonnes,60.1619
145,Micronesia (Federated States of),27,"Rice, paddy",Biomass burned (dry matter),tonnes,49.4845
145,Micronesia (Federated States of),1712,All Crops,Biomass burned (dry matter),tonnes,109.6464
141,Mongolia,15,Wheat,Biomass burned (dry matter),tonnes,146263.44
141,Mongolia,1712,All Crops,Biomass burned (dry matter),tonnes,146263.44
273,Montenegro,56,Maize,Biomass burned (dry matter),tonnes,640
273,Montenegro,15,Wheat,Biomass burned (dry matter),tonnes,308
273,Montenegro,1712,All Crops,Biomass burned (dry matter),tonnes,948
142,Montserrat,56,Maize,Biomass burned (dry matter),tonnes,17.6309
142,Montserrat,1712,All Crops,Biomass burned (dry matter),tonnes,17.6309
143,Morocco,56,Maize,Biomass burned (dry matter),tonnes,130742
143,Morocco,27,"Rice, paddy",Biomass burned (dry matter),tonnes,4407.15
143,Morocco,156,Sugar cane,Biomass burned (dry matter),tonnes,6887.4
143,Morocco,15,Wheat,Biomass burned (dry matter),tonnes,1353690
143,Morocco,1712,All Crops,Biomass burned (dry matter),tonnes,1495726.55
144,Mozambique,56,Maize,Biomass burned (dry matter),tonnes,1830368.2503
144,Mozambique,27,"Rice, paddy",Biomass burned (dry matter),tonnes,78511.7962
144,Mozambique,156,Sugar cane,Biomass burned (dry matter),tonnes,28198.422
144,Mozambique,15,Wheat,Biomass burned (dry matter),tonnes,5324.9901
144,Mozambique,1712,All Crops,Biomass burned (dry matter),tonnes,1942403.4586
28,Myanmar,56,Maize,Biomass burned (dry matter),tonnes,500605.4009
28,Myanmar,27,"Rice, paddy",Biomass burned (dry matter),tonnes,3709956.3148
28,Myanmar,156,Sugar cane,Biomass burned (dry matter),tonnes,106111.0684
28,Myanmar,15,Wheat,Biomass burned (dry matter),tonnes,26178.0834
28,Myanmar,1712,All Crops,Biomass burned (dry matter),tonnes,4342850.8674
147,Namibia,56,Maize,Biomass burned (dry matter),tonnes,30801.3754
147,Namibia,15,Wheat,Biomass burned (dry matter),tonnes,836.5191
147,Namibia,1712,All Crops,Biomass burned (dry matter),tonnes,31637.8945
149,Nepal,56,Maize,Biomass burned (dry matter),tonnes,900288
149,Nepal,27,"Rice, paddy",Biomass burned (dry matter),tonnes,853857.95
149,Nepal,156,Sugar cane,Biomass burned (dry matter),tonnes,46452.575
149,Nepal,15,Wheat,Biomass burned (dry matter),tonnes,294340.024
149,Nepal,1712,All Crops,Biomass burned (dry matter),tonnes,2094938.549
150,Netherlands,56,Maize,Biomass burned (dry matter),tonnes,8671
150,Netherlands,15,Wheat,Biomass burned (dry matter),tonnes,46398.4
150,Netherlands,1712,All Crops,Biomass burned (dry matter),tonnes,55069.4
153,New Caledonia,56,Maize,Biomass burned (dry matter),tonnes,1045
153,New Caledonia,15,Wheat,Biomass burned (dry matter),tonnes,2.5115
153,New Caledonia,1712,All Crops,Biomass burned (dry matter),tonnes,1047.5115
156,New Zealand,56,Maize,Biomass burned (dry matter),tonnes,17459.2
156,New Zealand,15,Wheat,Biomass burned (dry matter),tonnes,16430.12
156,New Zealand,1712,All Crops,Biomass burned (dry matter),tonnes,33889.32
157,Nicaragua,56,Maize,Biomass burned (dry matter),tonnes,319200.3091
157,Nicaragua,27,"Rice, paddy",Biomass burned (dry matter),tonnes,37344.5865
157,Nicaragua,156,Sugar cane,Biomass burned (dry matter),tonnes,48037.158
157,Nicaragua,1712,All Crops,Biomass burned (dry matter),tonnes,404582.0537
158,Niger,56,Maize,Biomass burned (dry matter),tonnes,26895.2011
158,Niger,27,"Rice, paddy",Biomass burned (dry matter),tonnes,13091.65
158,Niger,156,Sugar cane,Biomass burned (dry matter),tonnes,4208.1
158,Niger,15,Wheat,Biomass burned (dry matter),tonnes,872.0826
158,Niger,1712,All Crops,Biomass burned (dry matter),tonnes,45067.0336
159,Nigeria,56,Maize,Biomass burned (dry matter),tonnes,6540000
159,Nigeria,27,"Rice, paddy",Biomass burned (dry matter),tonnes,2701957.7589
159,Nigeria,156,Sugar cane,Biomass burned (dry matter),tonnes,57861.1331
159,Nigeria,15,Wheat,Biomass burned (dry matter),tonnes,28378.2505
159,Nigeria,1712,All Crops,Biomass burned (dry matter),tonnes,9328197.1425
154,North Macedonia,56,Maize,Biomass burned (dry matter),tonnes,32004
154,North Macedonia,27,"Rice, paddy",Biomass burned (dry matter),tonnes,1800.7
154,North Macedonia,15,Wheat,Biomass burned (dry matter),tonnes,29145.6
154,North Macedonia,1712,All Crops,Biomass burned (dry matter),tonnes,62950.3
162,Norway,15,Wheat,Biomass burned (dry matter),tonnes,30235.2
162,Norway,1712,All Crops,Biomass burned (dry matter),tonnes,30235.2
221,Oman,56,Maize,Biomass burned (dry matter),tonnes,1021
221,Oman,156,Sugar cane,Biomass burned (dry matter),tonnes,32.9346
221,Oman,15,Wheat,Biomass burned (dry matter),tonnes,371.6
221,Oman,1712,All Crops,Biomass burned (dry matter),tonnes,1425.5346
164,Pacific Islands Trust Territory,56,Maize,Biomass burned (dry matter),tonnes,
164,Pacific Islands Trust Territory,27,"Rice, paddy",Biomass burned (dry matter),tonnes,
164,Pacific Islands Trust Territory,1712,All Crops,Biomass burned (dry matter),tonnes,
165,Pakistan,56,Maize,Biomass burned (dry matter),tonnes,1229700
165,Pakistan,27,"Rice, paddy",Biomass burned (dry matter),tonnes,1595330
165,Pakistan,156,Sugar cane,Biomass burned (dry matter),tonnes,790981.1
165,Pakistan,15,Wheat,Biomass burned (dry matter),tonnes,3588800
165,Pakistan,1712,All Crops,Biomass burned (dry matter),tonnes,7204811.1
299,Palestine,15,Wheat,Biomass burned (dry matter),tonnes,6195.6208
299,Palestine,1712,All Crops,Biomass burned (dry matter),tonnes,6195.6208
166,Panama,56,Maize,Biomass burned (dry matter),tonnes,63584.6216
166,Panama,27,"Rice, paddy",Biomass burned (dry matter),tonnes,54969.8832
166,Panama,156,Sugar cane,Biomass burned (dry matter),tonnes,25108.85
166,Panama,1712,All Crops,Biomass burned (dry matter),tonnes,143663.3548
168,Papua New Guinea,56,Maize,Biomass burned (dry matter),tonnes,2404.3766
168,Papua New Guinea,27,"Rice, paddy",Biomass burned (dry matter),tonnes,223.9041
168,Papua New Guinea,156,Sugar cane,Biomass burned (dry matter),tonnes,4652.1399
168,Papua New Guinea,1712,All Crops,Biomass burned (dry matter),tonnes,7280.4206
169,Paraguay,56,Maize,Biomass burned (dry matter),tonnes,940000
169,Paraguay,27,"Rice, paddy",Biomass burned (dry matter),tonnes,77000
169,Paraguay,156,Sugar cane,Biomass burned (dry matter),tonnes,76700
169,Paraguay,15,Wheat,Biomass burned (dry matter),tonnes,204000
169,Paraguay,1712,All Crops,Biomass burned (dry matter),tonnes,1297700
170,Peru,56,Maize,Biomass burned (dry matter),tonnes,446251
170,Peru,27,"Rice, paddy",Biomass burned (dry matter),tonnes,232338.7
170,Peru,156,Sugar cane,Biomass burned (dry matter),tonnes,50391.25
170,Peru,15,Wheat,Biomass burned (dry matter),tonnes,51056
170,Peru,1712,All Crops,Biomass burned (dry matter),tonnes,780036.95
171,Philippines,56,Maize,Biomass burned (dry matter),tonnes,2552592.25
171,Philippines,27,"Rice, paddy",Biomass burned (dry matter),tonnes,2646494.2735
171,Philippines,156,Sugar cane,Biomass burned (dry matter),tonnes,284356.0963
171,Philippines,1712,All Crops,Biomass burned (dry matter),tonnes,5483442.6198
173,Poland,56,Maize,Biomass burned (dry matter),tonnes,562105
173,Poland,15,Wheat,Biomass burned (dry matter),tonnes,956741.2
173,Poland,1712,All Crops,Biomass burned (dry matter),tonnes,1518846.2
174,Portugal,56,Maize,Biomass burned (dry matter),tonnes,86520
174,Portugal,27,"Rice, paddy",Biomass burned (dry matter),tonnes,15919.2
174,Portugal,156,Sugar cane,Biomass burned (dry matter),tonnes,40.0114
174,Portugal,15,Wheat,Biomass burned (dry matter),tonnes,11607.6
174,Portugal,1712,All Crops,Biomass burned (dry matter),tonnes,114086.8114
177,Puerto Rico,56,Maize,Biomass burned (dry matter),tonnes,58.7587
177,Puerto Rico,27,"Rice, paddy",Biomass burned (dry matter),tonnes,11.4529
177,Puerto Rico,156,Sugar cane,Biomass burned (dry matter),tonnes,
177,Puerto Rico,1712,All Crops,Biomass burned (dry matter),tonnes,70.2115
179,Qatar,56,Maize,Biomass burned (dry matter),tonnes,55.1683
179,Qatar,15,Wheat,Biomass burned (dry matter),tonnes,1.7421
179,Qatar,1712,All Crops,Biomass burned (dry matter),tonnes,56.9104
117,Republic of Korea,56,Maize,Biomass burned (dry matter),tonnes,15074
117,Republic of Korea,27,"Rice, paddy",Biomass burned (dry matter),tonnes,415092.15
117,Republic of Korea,15,Wheat,Biomass burned (dry matter),tonnes,3713.2
117,Republic of Korea,1712,All Crops,Biomass burned (dry matter),tonnes,433879.35
146,Republic of Moldova,56,Maize,Biomass burned (dry matter),tonnes,481000
146,Republic of Moldova,15,Wheat,Biomass burned (dry matter),tonnes,134400
146,Republic of Moldova,1712,All Crops,Biomass burned (dry matter),tonnes,615400
182,Réunion,56,Maize,Biomass burned (dry matter),tonnes,1805.5064
182,Réunion,27,"Rice, paddy",Biomass burned (dry matter),tonnes,30.3203
182,Réunion,156,Sugar cane,Biomass burned (dry matter),tonnes,15736.2212
182,Réunion,1712,All Crops,Biomass burned (dry matter),tonnes,17572.0479
183,Romania,56,Maize,Biomass burned (dry matter),tonnes,2405240
183,Romania,27,"Rice, paddy",Biomass burned (dry matter),tonnes,5021.5
183,Romania,15,Wheat,Biomass burned (dry matter),tonnes,821168
183,Romania,1712,All Crops,Biomass burned (dry matter),tonnes,3231429.5
185,Russian Federation,56,Maize,Biomass burned (dry matter),tonnes,2702425
185,Russian Federation,27,"Rice, paddy",Biomass burned (dry matter),tonnes,102106.95
185,Russian Federation,15,Wheat,Biomass burned (dry matter),tonnes,11006941.6
185,Russian Federation,1712,All Crops,Biomass burned (dry matter),tonnes,13811473.55
184,Rwanda,56,Maize,Biomass burned (dry matter),tonnes,297446.9239
184,Rwanda,27,"Rice, paddy",Biomass burned (dry matter),tonnes,17370.4909
184,Rwanda,156,Sugar cane,Biomass burned (dry matter),tonnes,4489.0935
184,Rwanda,15,Wheat,Biomass burned (dry matter),tonnes,4303.0729
184,Rwanda,1712,All Crops,Biomass burned (dry matter),tonnes,323609.5812
188,Saint Kitts and Nevis,156,Sugar cane,Biomass burned (dry matter),tonnes,
188,Saint Kitts and Nevis,1712,All Crops,Biomass burned (dry matter),tonnes,
189,Saint Lucia,56,Maize,Biomass burned (dry matter),tonnes,
189,Saint Lucia,156,Sugar cane,Biomass burned (dry matter),tonnes,
189,Saint Lucia,1712,All Crops,Biomass burned (dry matter),tonnes,
191,Saint Vincent and the Grenadines,56,Maize,Biomass burned (dry matter),tonnes,24.241
191,Saint Vincent and the Grenadines,27,"Rice, paddy",Biomass burned (dry matter),tonnes,
191,Saint Vincent and the Grenadines,156,Sugar cane,Biomass burned (dry matter),tonnes,474.1093
191,Saint Vincent and the Grenadines,1712,All Crops,Biomass burned (dry matter),tonnes,498.3503
244,Samoa,156,Sugar cane,Biomass burned (dry matter),tonnes,0.6488
244,Samoa,1712,All Crops,Biomass burned (dry matter),tonnes,0.6488
193,Sao Tome and Principe,56,Maize,Biomass burned (dry matter),tonnes,462.7921
193,Sao Tome and Principe,1712,All Crops,Biomass burned (dry matter),tonnes,462.7921
194,Saudi Arabia,56,Maize,Biomass burned (dry matter),tonnes,2471
194,Saudi Arabia,27,"Rice, paddy",Biomass burned (dry matter),tonnes,0
194,Saudi Arabia,15,Wheat,Biomass burned (dry matter),tonnes,38606.8
194,Saudi Arabia,1712,All Crops,Biomass burned (dry matter),tonnes,41077.8
195,Senegal,56,Maize,Biomass burned (dry matter),tonnes,175162.6445
195,Senegal,27,"Rice, paddy",Biomass burned (dry matter),tonnes,93287.9068
195,Senegal,156,Sugar cane,Biomass burned (dry matter),tonnes,2560.7673
195,Senegal,1712,All Crops,Biomass burned (dry matter),tonnes,271011.3186
272,Serbia,56,Maize,Biomass burned (dry matter),tonnes,1002319
272,Serbia,15,Wheat,Biomass burned (dry matter),tonnes,222446
272,Serbia,1712,All Crops,Biomass burned (dry matter),tonnes,1224765
186,Serbia and Montenegro,56,Maize,Biomass burned (dry matter),tonnes,
186,Serbia and Montenegro,15,Wheat,Biomass burned (dry matter),tonnes,
186,Serbia and Montenegro,1712,All Crops,Biomass burned (dry matter),tonnes,
197,Sierra Leone,56,Maize,Biomass burned (dry matter),tonnes,36000
197,Sierra Leone,27,"Rice, paddy",Biomass burned (dry matter),tonnes,356012.3094
197,Sierra Leone,156,Sugar cane,Biomass burned (dry matter),tonnes,725.8999
197,Sierra Leone,1712,All Crops,Biomass burned (dry matter),tonnes,392738.2092
200,Singapore,156,Sugar cane,Biomass burned (dry matter),tonnes,
200,Singapore,1712,All Crops,Biomass burned (dry matter),tonnes,
199,Slovakia,56,Maize,Biomass burned (dry matter),tonnes,187812
199,Slovakia,15,Wheat,Biomass burned (dry matter),tonnes,149466.8
199,Slovakia,1712,All Crops,Biomass burned (dry matter),tonnes,337278.8
198,Slovenia,56,Maize,Biomass burned (dry matter),tonnes,38290
198,Slovenia,15,Wheat,Biomass burned (dry matter),tonnes,11206.4
198,Slovenia,1712,All Crops,Biomass burned (dry matter),tonnes,49496.4
25,Solomon Islands,27,"Rice, paddy",Biomass burned (dry matter),tonnes,945.621
25,Solomon Islands,1712,All Crops,Biomass burned (dry matter),tonnes,945.621
201,Somalia,56,Maize,Biomass burned (dry matter),tonnes,1e+05
201,Somalia,27,"Rice, paddy",Biomass burned (dry matter),tonnes,654.935
201,Somalia,156,Sugar cane,Biomass burned (dry matter),tonnes,3641.124
201,Somalia,15,Wheat,Biomass burned (dry matter),tonnes,1034.9109
201,Somalia,1712,All Crops,Biomass burned (dry matter),tonnes,105330.97
202,South Africa,56,Maize,Biomass burned (dry matter),tonnes,2628600
202,South Africa,27,"Rice, paddy",Biomass burned (dry matter),tonnes,615.706
202,South Africa,156,Sugar cane,Biomass burned (dry matter),tonnes,171928.3299
202,South Africa,15,Wheat,Biomass burned (dry matter),tonnes,196640
202,South Africa,1712,All Crops,Biomass burned (dry matter),tonnes,2997784.0359
277,South Sudan,56,Maize,Biomass burned (dry matter),tonnes,88885.244
277,South Sudan,1712,All Crops,Biomass burned (dry matter),tonnes,88885.244
203,Spain,56,Maize,Biomass burned (dry matter),tonnes,333628
203,Spain,27,"Rice, paddy",Biomass burned (dry matter),tonnes,59182.2
203,Spain,156,Sugar cane,Biomass burned (dry matter),tonnes,12.3454
203,Spain,15,Wheat,Biomass burned (dry matter),tonnes,825083.2
203,Spain,1712,All Crops,Biomass burned (dry matter),tonnes,1217905.7454
38,Sri Lanka,56,Maize,Biomass burned (dry matter),tonnes,52544
38,Sri Lanka,27,"Rice, paddy",Biomass burned (dry matter),tonnes,435423.45
38,Sri Lanka,156,Sugar cane,Biomass burned (dry matter),tonnes,11635
38,Sri Lanka,1712,All Crops,Biomass burned (dry matter),tonnes,499602.45
276,Sudan,56,Maize,Biomass burned (dry matter),tonnes,36847.2881
276,Sudan,27,"Rice, paddy",Biomass burned (dry matter),tonnes,4389.7446
276,Sudan,156,Sugar cane,Biomass burned (dry matter),tonnes,48536.7295
276,Sudan,15,Wheat,Biomass burned (dry matter),tonnes,67127.7181
276,Sudan,1712,All Crops,Biomass burned (dry matter),tonnes,156901.4802
206,Sudan (former),56,Maize,Biomass burned (dry matter),tonnes,
206,Sudan (former),27,"Rice, paddy",Biomass burned (dry matter),tonnes,
206,Sudan (former),156,Sugar cane,Biomass burned (dry matter),tonnes,
206,Sudan (former),15,Wheat,Biomass burned (dry matter),tonnes,
206,Sudan (former),1712,All Crops,Biomass burned (dry matter),tonnes,
207,Suriname,56,Maize,Biomass burned (dry matter),tonnes,33.8188
207,Suriname,27,"Rice, paddy",Biomass burned (dry matter),tonnes,33800.6341
207,Suriname,156,Sugar cane,Biomass burned (dry matter),tonnes,2047.7862
207,Suriname,1712,All Crops,Biomass burned (dry matter),tonnes,35882.239
210,Sweden,15,Wheat,Biomass burned (dry matter),tonnes,188784.8
210,Sweden,1712,All Crops,Biomass burned (dry matter),tonnes,188784.8
211,Switzerland,56,Maize,Biomass burned (dry matter),tonnes,15192
211,Switzerland,15,Wheat,Biomass burned (dry matter),tonnes,34824.4
211,Switzerland,1712,All Crops,Biomass burned (dry matter),tonnes,50016.4
212,Syrian Arab Republic,56,Maize,Biomass burned (dry matter),tonnes,48573.0338
212,Syrian Arab Republic,27,"Rice, paddy",Biomass burned (dry matter),tonnes,
212,Syrian Arab Republic,156,Sugar cane,Biomass burned (dry matter),tonnes,0.0064
212,Syrian Arab Republic,15,Wheat,Biomass burned (dry matter),tonnes,440000
212,Syrian Arab Republic,1712,All Crops,Biomass burned (dry matter),tonnes,488573.0402
208,Tajikistan,56,Maize,Biomass burned (dry matter),tonnes,16704
208,Tajikistan,27,"Rice, paddy",Biomass burned (dry matter),tonnes,6889.85
208,Tajikistan,15,Wheat,Biomass burned (dry matter),tonnes,114346.8
208,Tajikistan,1712,All Crops,Biomass burned (dry matter),tonnes,137940.65
216,Thailand,56,Maize,Biomass burned (dry matter),tonnes,1106281.3745
216,Thailand,27,"Rice, paddy",Biomass burned (dry matter),tonnes,5838155.6755
216,Thailand,156,Sugar cane,Biomass burned (dry matter),tonnes,889374.6735
216,Thailand,15,Wheat,Biomass burned (dry matter),tonnes,489.52
216,Thailand,1712,All Crops,Biomass burned (dry matter),tonnes,7834301.2435
176,Timor-Leste,56,Maize,Biomass burned (dry matter),tonnes,45631.1094
176,Timor-Leste,27,"Rice, paddy",Biomass burned (dry matter),tonnes,15926.2493
176,Timor-Leste,1712,All Crops,Biomass burned (dry matter),tonnes,61557.3587
217,Togo,56,Maize,Biomass burned (dry matter),tonnes,694422
217,Togo,27,"Rice, paddy",Biomass burned (dry matter),tonnes,46417.25
217,Togo,1712,All Crops,Biomass burned (dry matter),tonnes,740839.25
220,Trinidad and Tobago,56,Maize,Biomass burned (dry matter),tonnes,1324.4602
220,Trinidad and Tobago,27,"Rice, paddy",Biomass burned (dry matter),tonnes,1485
220,Trinidad and Tobago,156,Sugar cane,Biomass burned (dry matter),tonnes,
220,Trinidad and Tobago,1712,All Crops,Biomass burned (dry matter),tonnes,2809.4602
222,Tunisia,15,Wheat,Biomass burned (dry matter),tonnes,234369.2789
222,Tunisia,1712,All Crops,Biomass burned (dry matter),tonnes,234369.2789
223,Turkey,56,Maize,Biomass burned (dry matter),tonnes,637726
223,Turkey,27,"Rice, paddy",Biomass burned (dry matter),tonnes,60227.75
223,Turkey,15,Wheat,Biomass burned (dry matter),tonnes,3064909.2
223,Turkey,1712,All Crops,Biomass burned (dry matter),tonnes,3762862.95
213,Turkmenistan,56,Maize,Biomass burned (dry matter),tonnes,35354.6852
213,Turkmenistan,27,"Rice, paddy",Biomass burned (dry matter),tonnes,75949.0564
213,Turkmenistan,15,Wheat,Biomass burned (dry matter),tonnes,360360
213,Turkmenistan,1712,All Crops,Biomass burned (dry matter),tonnes,471663.7416
226,Uganda,56,Maize,Biomass burned (dry matter),tonnes,1185005.9597
226,Uganda,27,"Rice, paddy",Biomass burned (dry matter),tonnes,53712.2102
226,Uganda,156,Sugar cane,Biomass burned (dry matter),tonnes,37134.8197
226,Uganda,15,Wheat,Biomass burned (dry matter),tonnes,6177.1925
226,Uganda,1712,All Crops,Biomass burned (dry matter),tonnes,1282030.1821
230,Ukraine,56,Maize,Biomass burned (dry matter),tonnes,4480700
230,Ukraine,27,"Rice, paddy",Biomass burned (dry matter),tonnes,6985
230,Ukraine,15,Wheat,Biomass burned (dry matter),tonnes,2550960
230,Ukraine,1712,All Crops,Biomass burned (dry matter),tonnes,7038645
225,United Arab Emirates,56,Maize,Biomass burned (dry matter),tonnes,240.62
225,United Arab Emirates,15,Wheat,Biomass burned (dry matter),tonnes,9.9869
225,United Arab Emirates,1712,All Crops,Biomass burned (dry matter),tonnes,250.6069
229,United Kingdom,56,Maize,Biomass burned (dry matter),tonnes,
229,United Kingdom,15,Wheat,Biomass burned (dry matter),tonnes,716800
229,United Kingdom,1712,All Crops,Biomass burned (dry matter),tonnes,716800
215,United Republic of Tanzania,56,Maize,Biomass burned (dry matter),tonnes,4093983.778
215,United Republic of Tanzania,27,"Rice, paddy",Biomass burned (dry matter),tonnes,643468.7649
215,United Republic of Tanzania,156,Sugar cane,Biomass burned (dry matter),tonnes,74620.446
215,United Republic of Tanzania,15,Wheat,Biomass burned (dry matter),tonnes,40618.0277
215,United Republic of Tanzania,1712,All Crops,Biomass burned (dry matter),tonnes,4852691.0166
231,United States of America,56,Maize,Biomass burned (dry matter),tonnes,33469080
231,United States of America,27,"Rice, paddy",Biomass burned (dry matter),tonnes,528401.5
231,United States of America,156,Sugar cane,Biomass burned (dry matter),tonnes,237822
231,United States of America,15,Wheat,Biomass burned (dry matter),tonnes,6084272
231,United States of America,1712,All Crops,Biomass burned (dry matter),tonnes,40319575.5
240,United States Virgin Islands,156,Sugar cane,Biomass burned (dry matter),tonnes,
240,United States Virgin Islands,1712,All Crops,Biomass burned (dry matter),tonnes,
234,Uruguay,56,Maize,Biomass burned (dry matter),tonnes,80000
234,Uruguay,27,"Rice, paddy",Biomass burned (dry matter),tonnes,88000
234,Uruguay,156,Sugar cane,Biomass burned (dry matter),tonnes,4325.3102
234,Uruguay,15,Wheat,Biomass burned (dry matter),tonnes,74400
234,Uruguay,1712,All Crops,Biomass burned (dry matter),tonnes,246725.3102
228,USSR,56,Maize,Biomass burned (dry matter),tonnes,
228,USSR,27,"Rice, paddy",Biomass burned (dry matter),tonnes,
228,USSR,15,Wheat,Biomass burned (dry matter),tonnes,
228,USSR,1712,All Crops,Biomass burned (dry matter),tonnes,
235,Uzbekistan,56,Maize,Biomass burned (dry matter),tonnes,37417
235,Uzbekistan,27,"Rice, paddy",Biomass burned (dry matter),tonnes,39208.95
235,Uzbekistan,15,Wheat,Biomass burned (dry matter),tonnes,563337.2
235,Uzbekistan,1712,All Crops,Biomass burned (dry matter),tonnes,639963.15
155,Vanuatu,56,Maize,Biomass burned (dry matter),tonnes,1469.8279
155,Vanuatu,1712,All Crops,Biomass burned (dry matter),tonnes,1469.8279
236,Venezuela (Bolivarian Republic of),56,Maize,Biomass burned (dry matter),tonnes,350000
236,Venezuela (Bolivarian Republic of),27,"Rice, paddy",Biomass burned (dry matter),tonnes,60500
236,Venezuela (Bolivarian Republic of),156,Sugar cane,Biomass burned (dry matter),tonnes,37700
236,Venezuela (Bolivarian Republic of),15,Wheat,Biomass burned (dry matter),tonnes,18.4804
236,Venezuela (Bolivarian Republic of),1712,All Crops,Biomass burned (dry matter),tonnes,448218.4804
237,Viet Nam,56,Maize,Biomass burned (dry matter),tonnes,1099273.892
237,Viet Nam,27,"Rice, paddy",Biomass burned (dry matter),tonnes,4239693.535
237,Viet Nam,156,Sugar cane,Biomass burned (dry matter),tonnes,182747.0775
237,Viet Nam,1712,All Crops,Biomass burned (dry matter),tonnes,5521714.5045
243,Wallis and Futuna Islands,156,Sugar cane,Biomass burned (dry matter),tonnes,0.6502
243,Wallis and Futuna Islands,1712,All Crops,Biomass burned (dry matter),tonnes,0.6502
249,Yemen,56,Maize,Biomass burned (dry matter),tonnes,37650.324
249,Yemen,156,Sugar cane,Biomass burned (dry matter),tonnes,0
249,Yemen,15,Wheat,Biomass burned (dry matter),tonnes,32000
249,Yemen,1712,All Crops,Biomass burned (dry matter),tonnes,69650.324
248,Yugoslav SFR,56,Maize,Biomass burned (dry matter),tonnes,
248,Yugoslav SFR,27,"Rice, paddy",Biomass burned (dry matter),tonnes,
248,Yugoslav SFR,15,Wheat,Biomass burned (dry matter),tonnes,
248,Yugoslav SFR,1712,All Crops,Biomass burned (dry matter),tonnes,
251,Zambia,56,Maize,Biomass burned (dry matter),tonnes,1433943.5875
251,Zambia,27,"Rice, paddy",Biomass burned (dry matter),tonnes,16266.026
251,Zambia,156,Sugar cane,Biomass burned (dry matter),tonnes,28201.6641
251,Zambia,15,Wheat,Biomass burned (dry matter),tonnes,10696.5929
251,Zambia,1712,All Crops,Biomass burned (dry matter),tonnes,1489107.8705
181,Zimbabwe,56,Maize,Biomass burned (dry matter),tonnes,1349157.5107
181,Zimbabwe,27,"Rice, paddy",Biomass burned (dry matter),tonnes,178.5702
181,Zimbabwe,156,Sugar cane,Biomass burned (dry matter),tonnes,29822.5489
181,Zimbabwe,15,Wheat,Biomass burned (dry matter),tonnes,8828.0994
181,Zimbabwe,1712,All Crops,Biomass burned (dry matter),tonnes,1387986.7291
5000,World,56,Maize,Biomass burned (dry matter),tonnes,197185935.6014
5000,World,27,"Rice, paddy",Biomass burned (dry matter),tonnes,91987006.7534
5000,World,156,Sugar cane,Biomass burned (dry matter),tonnes,16885010.1334
5000,World,15,Wheat,Biomass burned (dry matter),tonnes,87417228.5436
5000,World,1712,All Crops,Biomass burned (dry matter),tonnes,393475181.0318
5100,Africa,56,Maize,Biomass burned (dry matter),tonnes,40601960.4572
5100,Africa,27,"Rice, paddy",Biomass burned (dry matter),tonnes,8227811.3023
5100,Africa,156,Sugar cane,Biomass burned (dry matter),tonnes,1032988.2765
5100,Africa,15,Wheat,Biomass burned (dry matter),tonnes,4170623.1593
5100,Africa,1712,All Crops,Biomass burned (dry matter),tonnes,54033383.1953
5101,Eastern Africa,56,Maize,Biomass burned (dry matter),tonnes,16737313.642
5101,Eastern Africa,27,"Rice, paddy",Biomass burned (dry matter),tonnes,1329570.4308
5101,Eastern Africa,156,Sugar cane,Biomass burned (dry matter),tonnes,401919.1344
5101,Eastern Africa,15,Wheat,Biomass burned (dry matter),tonnes,813406.5517
5101,Eastern Africa,1712,All Crops,Biomass burned (dry matter),tonnes,19282209.7589
5102,Middle Africa,56,Maize,Biomass burned (dry matter),tonnes,6861763.0489
5102,Middle Africa,27,"Rice, paddy",Biomass burned (dry matter),tonnes,953447.4232
5102,Middle Africa,156,Sugar cane,Biomass burned (dry matter),tonnes,163802.9876
5102,Middle Africa,15,Wheat,Biomass burned (dry matter),tonnes,4652.611
5102,Middle Africa,1712,All Crops,Biomass burned (dry matter),tonnes,7983666.0708
5103,Northern Africa,56,Maize,Biomass burned (dry matter),tonnes,1090348.6806
5103,Northern Africa,27,"Rice, paddy",Biomass burned (dry matter),tonnes,386112.3482
5103,Northern Africa,156,Sugar cane,Biomass burned (dry matter),tonnes,143436.8675
5103,Northern Africa,15,Wheat,Biomass burned (dry matter),tonnes,3117410.5338
5103,Northern Africa,1712,All Crops,Biomass burned (dry matter),tonnes,4737308.4302
5104,Southern Africa,56,Maize,Biomass burned (dry matter),tonnes,2965335.63
5104,Southern Africa,27,"Rice, paddy",Biomass burned (dry matter),tonnes,634.8957
5104,Southern Africa,156,Sugar cane,Biomass burned (dry matter),tonnes,210719.5356
5104,Southern Africa,15,Wheat,Biomass burned (dry matter),tonnes,200345.5781
5104,Southern Africa,1712,All Crops,Biomass burned (dry matter),tonnes,3377035.6394
5105,Western Africa,56,Maize,Biomass burned (dry matter),tonnes,12947199.4557
5105,Western Africa,27,"Rice, paddy",Biomass burned (dry matter),tonnes,5558046.2044
5105,Western Africa,156,Sugar cane,Biomass burned (dry matter),tonnes,113109.7514
5105,Western Africa,15,Wheat,Biomass burned (dry matter),tonnes,34807.8847
5105,Western Africa,1712,All Crops,Biomass burned (dry matter),tonnes,18653163.2961
5200,Americas,56,Maize,Biomass burned (dry matter),tonnes,71590235.7793
5200,Americas,27,"Rice, paddy",Biomass burned (dry matter),tonnes,3310905.3004
5200,Americas,156,Sugar cane,Biomass burned (dry matter),tonnes,9013878.7109
5200,Americas,15,Wheat,Biomass burned (dry matter),tonnes,13443574.2291
5200,Americas,1712,All Crops,Biomass burned (dry matter),tonnes,97358594.0197
5203,Northern America,56,Maize,Biomass burned (dry matter),tonnes,34808401.3421
5203,Northern America,27,"Rice, paddy",Biomass burned (dry matter),tonnes,528401.5
5203,Northern America,156,Sugar cane,Biomass burned (dry matter),tonnes,237822
5203,Northern America,15,Wheat,Biomass burned (dry matter),tonnes,9698669.354
5203,Northern America,1712,All Crops,Biomass burned (dry matter),tonnes,45273294.1961
5204,Central America,56,Maize,Biomass burned (dry matter),tonnes,9310837.5557
5204,Central America,27,"Rice, paddy",Biomass burned (dry matter),tonnes,148269.836
5204,Central America,156,Sugar cane,Biomass burned (dry matter),tonnes,917035.8141
5204,Central America,15,Wheat,Biomass burned (dry matter),tonnes,265635.8631
5204,Central America,1712,All Crops,Biomass burned (dry matter),tonnes,10641779.069
5206,Caribbean,56,Maize,Biomass burned (dry matter),tonnes,458590.533
5206,Caribbean,27,"Rice, paddy",Biomass burned (dry matter),tonnes,198076.8915
5206,Caribbean,156,Sugar cane,Biomass burned (dry matter),tonnes,368039.1268
5206,Caribbean,1712,All Crops,Biomass burned (dry matter),tonnes,1024706.5513
5207,South America,56,Maize,Biomass burned (dry matter),tonnes,27012406.3485
5207,South America,27,"Rice, paddy",Biomass burned (dry matter),tonnes,2436157.0729
5207,South America,156,Sugar cane,Biomass burned (dry matter),tonnes,7490981.7699
5207,South America,15,Wheat,Biomass burned (dry matter),tonnes,3479269.012
5207,South America,1712,All Crops,Biomass burned (dry matter),tonnes,40418814.2033
5300,Asia,56,Maize,Biomass burned (dry matter),tonnes,67366656.1812
5300,Asia,27,"Rice, paddy",Biomass burned (dry matter),tonnes,80046553.983
5300,Asia,156,Sugar cane,Biomass burned (dry matter),tonnes,6515703.0654
5300,Asia,15,Wheat,Biomass burned (dry matter),tonnes,40125634.638
5300,Asia,1712,All Crops,Biomass burned (dry matter),tonnes,194054547.8677
5301,Central Asia,56,Maize,Biomass burned (dry matter),tonnes,327522.7852
5301,Central Asia,27,"Rice, paddy",Biomass burned (dry matter),tonnes,185409.8364
5301,Central Asia,15,Wheat,Biomass burned (dry matter),tonnes,5902783.6
5301,Central Asia,1712,All Crops,Biomass burned (dry matter),tonnes,6415716.2216
5302,Eastern Asia,56,Maize,Biomass burned (dry matter),tonnes,42954006.3919
5302,Eastern Asia,27,"Rice, paddy",Biomass burned (dry matter),tonnes,18552023.794
5302,Eastern Asia,156,Sugar cane,Biomass burned (dry matter),tonnes,909696.0538
5302,Eastern Asia,15,Wheat,Biomass burned (dry matter),tonnes,10053054.0088
5302,Eastern Asia,1712,All Crops,Biomass burned (dry matter),tonnes,72468780.2485
5303,Southern Asia,56,Maize,Biomass burned (dry matter),tonnes,12126439.2763
5303,Southern Asia,27,"Rice, paddy",Biomass burned (dry matter),tonnes,33554158.7009
5303,Southern Asia,156,Sugar cane,Biomass burned (dry matter),tonnes,3823685.959
5303,Southern Asia,15,Wheat,Biomass burned (dry matter),tonnes,19811878.0836
5303,Southern Asia,1712,All Crops,Biomass burned (dry matter),tonnes,69316162.0198
5304,South-Eastern Asia,56,Maize,Biomass burned (dry matter),tonnes,11056488.48
5304,South-Eastern Asia,27,"Rice, paddy",Biomass burned (dry matter),tonnes,27662071.6017
5304,South-Eastern Asia,156,Sugar cane,Biomass burned (dry matter),tonnes,1782058.6727
5304,South-Eastern Asia,15,Wheat,Biomass burned (dry matter),tonnes,26667.6034
5304,South-Eastern Asia,1712,All Crops,Biomass burned (dry matter),tonnes,40527286.3578
5305,Western Asia,56,Maize,Biomass burned (dry matter),tonnes,902199.2478
5305,Western Asia,27,"Rice, paddy",Biomass burned (dry matter),tonnes,92890.05
5305,Western Asia,156,Sugar cane,Biomass burned (dry matter),tonnes,262.3799
5305,Western Asia,15,Wheat,Biomass burned (dry matter),tonnes,4331251.3422
5305,Western Asia,1712,All Crops,Biomass burned (dry matter),tonnes,5326603.02
5400,Europe,56,Maize,Biomass burned (dry matter),tonnes,17536534.8508
5400,Europe,27,"Rice, paddy",Biomass burned (dry matter),tonnes,353640.2291
5400,Europe,156,Sugar cane,Biomass burned (dry matter),tonnes,52.3568
5400,Europe,15,Wheat,Biomass burned (dry matter),tonnes,24784502.8496
5400,Europe,1712,All Crops,Biomass burned (dry matter),tonnes,42674730.2863
5401,Eastern Europe,56,Maize,Biomass burned (dry matter),tonnes,12421875.57
5401,Eastern Europe,27,"Rice, paddy",Biomass burned (dry matter),tonnes,121371.25
5401,Eastern Europe,15,Wheat,Biomass burned (dry matter),tonnes,17096189.556
5401,Eastern Europe,1712,All Crops,Biomass burned (dry matter),tonnes,29639436.376
5402,Northern Europe,56,Maize,Biomass burned (dry matter),tonnes,15029
5402,Northern Europe,15,Wheat,Biomass burned (dry matter),tonnes,1846380
5402,Northern Europe,1712,All Crops,Biomass burned (dry matter),tonnes,1861409
5403,Southern Europe,56,Maize,Biomass burned (dry matter),tonnes,2771087.5
5403,Southern Europe,27,"Rice, paddy",Biomass burned (dry matter),tonnes,222670.25
5403,Southern Europe,156,Sugar cane,Biomass burned (dry matter),tonnes,52.3568
5403,Southern Europe,15,Wheat,Biomass burned (dry matter),tonnes,2091072.4419
5403,Southern Europe,1712,All Crops,Biomass burned (dry matter),tonnes,5084882.5487
5404,Western Europe,56,Maize,Biomass burned (dry matter),tonnes,2328542.7808
5404,Western Europe,27,"Rice, paddy",Biomass burned (dry matter),tonnes,9598.7291
5404,Western Europe,15,Wheat,Biomass burned (dry matter),tonnes,3750860.8517
5404,Western Europe,1712,All Crops,Biomass burned (dry matter),tonnes,6089002.3616
5500,Oceania,56,Maize,Biomass burned (dry matter),tonnes,90548.3329
5500,Oceania,27,"Rice, paddy",Biomass burned (dry matter),tonnes,48095.9386
5500,Oceania,156,Sugar cane,Biomass burned (dry matter),tonnes,322387.7239
5500,Oceania,15,Wheat,Biomass burned (dry matter),tonnes,4892893.6675
5500,Oceania,1712,All Crops,Biomass burned (dry matter),tonnes,5353925.6628
5501,Australia and New Zealand,56,Maize,Biomass burned (dry matter),tonnes,85229.84
5501,Australia and New Zealand,27,"Rice, paddy",Biomass burned (dry matter),tonnes,45212.079
5501,Australia and New Zealand,156,Sugar cane,Biomass burned (dry matter),tonnes,294755.786
5501,Australia and New Zealand,15,Wheat,Biomass burned (dry matter),tonnes,4892891.156
5501,Australia and New Zealand,1712,All Crops,Biomass burned (dry matter),tonnes,5318088.861
5502,Melanesia,56,Maize,Biomass burned (dry matter),tonnes,5239.2044
5502,Melanesia,27,"Rice, paddy",Biomass burned (dry matter),tonnes,2834.3751
5502,Melanesia,156,Sugar cane,Biomass burned (dry matter),tonnes,27583.0585
5502,Melanesia,15,Wheat,Biomass burned (dry matter),tonnes,2.5115
5502,Melanesia,1712,All Crops,Biomass burned (dry matter),tonnes,35659.1495
5503,Micronesia,56,Maize,Biomass burned (dry matter),tonnes,79.2884
5503,Micronesia,27,"Rice, paddy",Biomass burned (dry matter),tonnes,49.4845
5503,Micronesia,1712,All Crops,Biomass burned (dry matter),tonnes,128.773
5504,Polynesia,156,Sugar cane,Biomass burned (dry matter),tonnes,48.8794
5504,Polynesia,1712,All Crops,Biomass burned (dry matter),tonnes,48.8794
5706,European Union,56,Maize,Biomass burned (dry matter),tonnes,8439542.3508
5706,European Union,27,"Rice, paddy",Biomass burned (dry matter),tonnes,242747.5791
5706,European Union,156,Sugar cane,Biomass burned (dry matter),tonnes,52.3568
5706,European Union,15,Wheat,Biomass burned (dry matter),tonnes,10437048.5936
5706,European Union,1712,All Crops,Biomass burned (dry matter),tonnes,19119390.8803
5801,Least Developed Countries,56,Maize,Biomass burned (dry matter),tonnes,26598046.2416
5801,Least Developed Countries,27,"Rice, paddy",Biomass burned (dry matter),tonnes,17418277.0967
5801,Least Developed Countries,156,Sugar cane,Biomass burned (dry matter),tonnes,690647.5169
5801,Least Developed Countries,15,Wheat,Biomass burned (dry matter),tonnes,2212216.9214
5801,Least Developed Countries,1712,All Crops,Biomass burned (dry matter),tonnes,46919187.7765
5802,Land Locked Developing Countries,56,Maize,Biomass burned (dry matter),tonnes,14915402.8043
5802,Land Locked Developing Countries,27,"Rice, paddy",Biomass burned (dry matter),tonnes,2623215.5111
5802,Land Locked Developing Countries,156,Sugar cane,Biomass burned (dry matter),tonnes,449664.8404
5802,Land Locked Developing Countries,15,Wheat,Biomass burned (dry matter),tonnes,8623549.8889
5802,Land Locked Developing Countries,1712,All Crops,Biomass burned (dry matter),tonnes,26611833.0447
5803,Small Island Developing States,56,Maize,Biomass burned (dry matter),tonnes,574445.7314
5803,Small Island Developing States,27,"Rice, paddy",Biomass burned (dry matter),tonnes,419870.8483
5803,Small Island Developing States,156,Sugar cane,Biomass burned (dry matter),tonnes,480068.6328
5803,Small Island Developing States,15,Wheat,Biomass burned (dry matter),tonnes,2.5115
5803,Small Island Developing States,1712,All Crops,Biomass burned (dry matter),tonnes,1474387.724
5815,Low Income Food Deficit Countries,56,Maize,Biomass burned (dry matter),tonnes,39262560.6863
5815,Low Income Food Deficit Countries,27,"Rice, paddy",Biomass burned (dry matter),tonnes,40923192.5249
5815,Low Income Food Deficit Countries,156,Sugar cane,Biomass burned (dry matter),tonnes,3785880.2407
5815,Low Income Food Deficit Countries,15,Wheat,Biomass burned (dry matter),tonnes,15687727.5867
5815,Low Income Food Deficit Countries,1712,All Crops,Biomass burned (dry matter),tonnes,99659361.0386
5817,Net Food Importing Developing Countries,56,Maize,Biomass burned (dry matter),tonnes,33425988.0403
5817,Net Food Importing Developing Countries,27,"Rice, paddy",Biomass burned (dry matter),tonnes,20762058.182
5817,Net Food Importing Developing Countries,156,Sugar cane,Biomass burned (dry matter),tonnes,2245547.8319
5817,Net Food Importing Developing Countries,15,Wheat,Biomass burned (dry matter),tonnes,8164077.2689
5817,Net Food Importing Developing Countries,1712,All Crops,Biomass burned (dry matter),tonnes,64597671.3231
5848,Annex I countries,56,Maize,Biomass burned (dry matter),tonnes,51302743.0749
5848,Annex I countries,27,"Rice, paddy",Biomass burned (dry matter),tonnes,1793066.8599
5848,Annex I countries,156,Sugar cane,Biomass burned (dry matter),tonnes,572738.9179
5848,Annex I countries,15,Wheat,Biomass burned (dry matter),tonnes,42088234.4151
5848,Annex I countries,1712,All Crops,Biomass burned (dry matter),tonnes,95756783.2678
5849,Non-Annex I countries,56,Maize,Biomass burned (dry matter),tonnes,145883192.5265
5849,Non-Annex I countries,27,"Rice, paddy",Biomass burned (dry matter),tonnes,90193939.8935
5849,Non-Annex I countries,156,Sugar cane,Biomass burned (dry matter),tonnes,16312271.2155
5849,Non-Annex I countries,15,Wheat,Biomass burned (dry matter),tonnes,45322798.5077
5849,Non-Annex I countries,1712,All Crops,Biomass burned (dry matter),tonnes,297712202.1432
5873,OECD,56,Maize,Biomass burned (dry matter),tonnes,48366357.8807
5873,OECD,27,"Rice, paddy",Biomass burned (dry matter),tonnes,2121594.1531
5873,OECD,156,Sugar cane,Biomass burned (dry matter),tonnes,1049009.8711
5873,OECD,15,Wheat,Biomass burned (dry matter),tonnes,26964607.5977
5873,OECD,1712,All Crops,Biomass burned (dry matter),tonnes,78501569.5026
